<?xml version="1.0" encoding="UTF-8" standalone="yes"?>
<addon id="repository.KodiCenter_REPO" name="repository.KodiCenter_REPO" version="BETA 1" provider-name="XigorGamer_BR">
    <extension point="xbmc.addon.repository" name="repository.KodiCenter_REPO">
        <dir>
            <info compressed="false">https://raw.githubusercontent.com/XigorGamer_BR/repository.KodiCenter_REPO/master/zips/addons.xml</info>
            <checksum>https://raw.githubusercontent.com/XigorGamer_BR/repository.KodiCenter_REPO/master/zips/addons.xml.md5</checksum>
            <datadir zip="true">https://raw.githubusercontent.com/XigorGamer_BR/repository.KodiCenter_REPO/master/zips/</datadir>
        </dir>
    </extension>
    <extension point="xbmc.addon.metadata">
        <summary>repository.KodiCenter_REPO</summary>
        <description>Fire TV Stick</description>
        <disclaimer></disclaimer>
        <platform>all</platform>
        <assets>
            <icon>icon.png</icon>
            <fanart>fanart.jpg</fanart>
        </assets>
    </extension>
</addon>